Country,Sex,2011_fte,2012_fte,2013_fte,2014_fte,2015_fte,2016_fte,2011gwg,2012gwg,2013gwg,2014gwg,2015gwg,2016gwg,2000_gnif,2005_gnif,2010_gnif,2011_gnif,2012_gnif,2013_gnif,2014_gnif,2015_gnif,2000_gni,2005_gni,2010_gni,2011_gni,2012_gni,2013_gni,2014gni,2015_gni,GII Rank,Gender Inequality Index (GII),Maternal Mortality Ratio,Adolescent Birth Rate,Percent Representation in Parliament,Population with Secondary Education (Female),Population with Secondary Education (Male),Labour Force Participation Rate (Female),Labour Force Participation Rate (Male)
Australia,Men,80.2,79.8,78.7,77.7,77.9,77.2,16,13.8,18,15.4,13,14.3,26268,29848,31749,32039,32968,33478,33751,34271,45151,49034,47883,48125,49539,50135,50577,51386,2,0.11,6,12.1,30.5,94.3,94.6,58.8,71.8
Australia,Women,51.8,51.8,51.7,51.1,52.1,52.3,16,13.8,18,15.4,13,14.3,26268,29848,31749,32039,32968,33478,33751,34271,45151,49034,47883,48125,49539,50135,50577,51386,2,0.11,6,12.1,30.5,94.3,94.6,58.8,71.8
Austria,Men,80,79.6,78.4,76.9,76.5,76.7,18.6,18.2,18.1,17.7,17,14.08125,23830,25997,29036,29703,29943,30097,29753,29835,53118,56435,58364,59355,59112,58828,57874,57882,23,0.053,4,4.1,30.3,100,100,54.6,67.7
Austria,Women,54,54.3,54.1,53.5,53.5,54,18.6,18.2,18.1,17.7,17,14.08125,23830,25997,29036,29703,29943,30097,29753,29835,53118,56435,58364,59355,59112,58828,57874,57882,23,0.053,4,4.1,30.3,100,100,54.6,67.7
Belgium,Men,67.9,67.8,67.9,66.9,66.4,67.2,5.8,6.4,5.9,3.3,4.7,14.08125,26700,29608,32273,31633,31989,32088,32345,32422,49334,50113,51932,51175,51484,50255,50356,50352,21,0.063,6,6.7,42.4,77.5,82.9,47.5,59.3
Belgium,Women,46.3,46.5,47.2,48,48.2,48.2,5.8,6.4,5.9,3.3,4.7,14.08125,26700,29608,32273,31633,31989,32088,32345,32422,49334,50113,51932,51175,51484,50255,50356,50352,21,0.063,6,6.7,42.4,77.5,82.9,47.5,59.3
Chile,Men,83.2,83.1,82.9,81.2,81,79.5,16,14.08125,10.7,14.08125,21.1,14.08125,7569,8943,12247,13030,13899,14446,14737,14955,20954,22453,23995,25422,26889,27711,28147,28556,42,0.338,22,55.3,15.8,73.3,76.4,49.2,74.8
Chile,Women,47.6,48.9,49.6,49.9,49.8,49.6,16,14.08125,10.7,14.08125,21.1,14.08125,7569,8943,12247,13030,13899,14446,14737,14955,20954,22453,23995,25422,26889,27711,28147,28556,42,0.338,22,55.3,15.8,73.3,76.4,49.2,74.8
Czech Republic,Men,78.9,79.1,79.5,80.6,81.4,82.7,16.3,15.3,15.4,16.3,16.5,16.3,15028,17677,18587,19408,19631,19624,20053,21001,26497,31435,33642,33720,33685,33488,33941,35540,28,0.091,5,4.9,18.9,99.9,99.7,51.1,68.3
Czech Republic,Women,55.8,56.5,57.3,58.3,60.1,61.8,16.3,15.3,15.4,16.3,16.5,16.3,15028,17677,18587,19408,19631,19624,20053,21001,26497,31435,33642,33720,33685,33488,33941,35540,28,0.091,5,4.9,18.9,99.9,99.7,51.1,68.3
Denmark,Men,68.1,67.1,66.9,67.4,68.2,67.7,7.9,7,6.8,6.3,5.8,14.08125,31989,34844,36081,36518,36504,36724,36749,36857,49941,53861,51472,52071,51825,52123,52149,52293,4,0.048,5,5.1,38,95.5,96.6,58.7,66.4
Denmark,Women,54.9,54.7,54.8,54.3,54.6,55.1,7.9,7,6.8,6.3,5.8,14.08125,31989,34844,36081,36518,36504,36724,36749,36857,49941,53861,51472,52071,51825,52123,52149,52293,4,0.048,5,5.1,38,95.5,96.6,58.7,66.4
Estonia,Men,68.1,70.2,71.5,72.7,75.3,74.8,14.08125,14.08125,14.08125,28.3,14.08125,14.08125,11513,17075,17665,19073,20339,21105,21590,21976,18499,26329,24932,26983,28838,29986,30859,31347,30,0.164,11,16.8,19.8,100,100,56.2,68.9
Estonia,Women,58.5,60.5,61.7,62.7,63.6,63.5,14.08125,14.08125,14.08125,28.3,14.08125,14.08125,11513,17075,17665,19073,20339,21105,21590,21976,18499,26329,24932,26983,28838,29986,30859,31347,30,0.164,11,16.8,19.8,100,100,56.2,68.9
Finland,Men,69.5,69.4,67.4,67.7,67.4,68.4,18.6,18.7,20.2,19.6,18.1,14.08125,27013,32587,33507,33122,33673,32105,32029,32081,41926,45421,46658,48013,45928,46428,45851,45870,24,0.075,4,9.2,42.5,100,100,55.7,64
Finland,Women,59.3,59.6,58.9,59.1,59.1,58.5,18.6,18.7,20.2,19.6,18.1,14.08125,27013,32587,33507,33122,33673,32105,32029,32081,41926,45421,46658,48013,45928,46428,45851,45870,24,0.075,4,9.2,42.5,100,100,55.7,64
France,Men,69.9,69.6,68.6,67.8,67.5,68,14.08125,14.08125,14.08125,9.9,14.08125,14.08125,26374,28405,30860,31415,31440,31532,31519,31734,44891,46091,44486,45314,44384,44484,44480,44783,22,0.088,12,5.7,25.7,78,83.2,50.7,61.6
France,Women,51.8,51.9,51.8,52.1,52.4,52.8,14.08125,14.08125,14.08125,9.9,14.08125,14.08125,26374,28405,30860,31415,31440,31532,31519,31734,44891,46091,44486,45314,44384,44484,44480,44783,22,0.088,12,5.7,25.7,78,83.2,50.7,61.6
Germany,Men,77.5,77.7,77.2,77,76.6,77,16.9,15.6,14.1,17.4,15.8,15.5,26453,29535,32718,33944,34580,34306,35357,35868,47501,47378,50594,52839,53904,52401,53937,54450,6,0.041,7,3.8,36.9,96.3,97,53.6,66.4
Germany,Women,51.5,51.8,52.3,53,53.2,54.1,16.9,15.6,14.1,17.4,15.8,15.5,26453,29535,32718,33944,34580,34306,35357,35868,47501,47378,50594,52839,53904,52401,53937,54450,6,0.041,7,3.8,36.9,96.3,97,53.6,66.4
Greece,Men,71.8,66.1,63.9,63.8,65.7,67.8,10.7,6.9,11.3,9.1,6.3,4.5,16426,19798,19893,18062,17438,16915,17232,17299,34752,40166,37963,34254,33010,31965,32501,32687,29,0.146,5,11.9,21,59.5,67,44.2,62.5
Greece,Women,44.3,40.8,38.9,40.1,41.7,42.5,10.7,6.9,11.3,9.1,6.3,4.5,16426,19798,19893,18062,17438,16915,17232,17299,34752,40166,37963,34254,33010,31965,32501,32687,29,0.146,5,11.9,21,59.5,67,44.2,62.5
Hungary,Men,60.9,62,64.2,68.6,71.2,73.7,6.9,11.3,8.7,3.8,9.5,9.4,12717,17018,17136,16692,16383,16885,17239,17793,21529,25359,25498,26821,26905,27996,28668,29561,44,0.209,14,12.1,10.1,97.9,98.7,44.8,60
Hungary,Women,48.7,49.9,50.8,54.4,56.3,58.7,6.9,11.3,8.7,3.8,9.5,9.4,12717,17018,17136,16692,16383,16885,17239,17793,21529,25359,25498,26821,26905,27996,28668,29561,44,0.209,14,12.1,10.1,97.9,98.7,44.8,60
Iceland,Men,89.1,89.2,91.8,92.5,95.1,96.4,14.1,14.08125,14.5,13.6,9.9,14.08125,23405,26619,28000,28384,28537,29338,29716,30531,35387,41733,39870,40632,40936,42175,42310,43575,16,0.087,4,11.5,41.3,91,91.6,70.5,77.4
Iceland,Women,67.5,68.6,69.8,70.4,71.7,72.9,14.1,14.08125,14.5,13.6,9.9,14.08125,23405,26619,28000,28384,28537,29338,29716,30531,35387,41733,39870,40632,40936,42175,42310,43575,16,0.087,4,11.5,41.3,91,91.6,70.5,77.4
Ireland,Men,61.3,60.8,63.2,65.3,68.3,69.5,10.4,8.5,12.8,15.2,14.4,14.08125,23132,28716,28877,28728,28892,30153,32070,33497,45612,52561,46816,46573,46811,48811,51867,54135,6,0.113,9,8.2,19.9,80.5,78.6,53.1,68.1
Ireland,Women,42.4,42.7,43.8,44.4,45.4,47.1,10.4,8.5,12.8,15.2,14.4,14.08125,23132,28716,28877,28728,28892,30153,32070,33497,45612,52561,46816,46573,46811,48811,51867,54135,6,0.113,9,8.2,19.9,80.5,78.6,53.1,68.1
Israel,Men,78.8,79.3,79.1,78.8,79.4,79.5,20.9,19.5,18.2,18.9,19.3,14.08125,18154,18570,21145,22123,21967,22882,23234,23313,29478,33157,37039,38413,38296,38653,39181,39248,18,0.101,2,7.8,22.5,84.4,87.3,57.9,69.1
Israel,Women,55.9,57.1,57.3,58.5,59,59.7,20.9,19.5,18.2,18.9,19.3,14.08125,18154,18570,21145,22123,21967,22882,23234,23313,29478,33157,37039,38413,38296,38653,39181,39248,18,0.101,2,7.8,22.5,84.4,87.3,57.9,69.1
Italy,Men,68.2,66.5,64.6,64.7,65.6,66.6,14.08125,11.1,14.08125,5.6,14.08125,14.08125,22363,24130,24313,24393,23673,22986,22738,22910,50361,50971,47688,47848,46423,45052,44537,44844,27,0.068,4,4,30.1,71.2,80.5,39.6,59.5
Italy,Women,38.5,38.6,38,38.2,38.7,39.4,14.08125,11.1,14.08125,5.6,14.08125,14.08125,22363,24130,24313,24393,23673,22986,22738,22910,50361,50971,47688,47848,46423,45052,44537,44844,27,0.068,4,4,30.1,71.2,80.5,39.6,59.5
Latvia,Men,60.9,63.6,66.2,68.1,69.9,69.2,14.08125,14.08125,14.08125,21.1,14.08125,14.08125,8579,13656,15025,16253,16966,17689,18243,18822,13804,21092,21914,23246,24390,25487,26442,27034,46,0.167,13,13.5,18,98.9,99,54.9,67.6
Latvia,Women,57.3,58.5,60.4,61.6,63.3,64.2,14.08125,14.08125,14.08125,21.1,14.08125,14.08125,8579,13656,15025,16253,16966,17689,18243,18822,13804,21092,21914,23246,24390,25487,26442,27034,46,0.167,13,13.5,18,98.9,99,54.9,67.6
Lithuania,Men,58.6,60.7,63.2,64.9,66.8,68.7,14.08125,14.08125,14.08125,12.5,14.08125,14.08125,9459,14112,17571,18659,19728,20748,21635,22144,14568,22412,23674,25283,26751,28251,29822,30533,37,0.125,11,10.6,23.4,89.1,94.3,55.8,67.3
Lithuania,Women,56.8,58.2,59.3,61.2,63,65.1,14.08125,14.08125,14.08125,12.5,14.08125,14.08125,9459,14112,17571,18659,19728,20748,21635,22144,14568,22412,23674,25283,26751,28251,29822,30533,37,0.125,11,10.6,23.4,89.1,94.3,55.8,67.3
Luxembourg,Men,72.3,72.8,72.2,73.1,71.8,71.1,14.08125,14.08125,14.08125,3.4,14.08125,14.08125,42201,57327,53740,50664,49401,47920,49930,47550,88063,92583,81705,76255,73322,69982,72043,77280,19,0.1,11,8.3,28.3,100,100,50.7,64.6
Luxembourg,Women,47,49.3,49.5,51.1,51.4,51.5,14.08125,14.08125,14.08125,3.4,14.08125,14.08125,42201,57327,53740,50664,49401,47920,49930,47550,88063,92583,81705,76255,73322,69982,72043,77280,19,0.1,11,8.3,28.3,100,100,50.7,64.6
Mexico,Men,90.2,90.6,90.4,90.2,90.8,91.3,10,13.6,15.4,18.3,16.7,16.5,8293,9066,9934,10173,10451,10342,10560,10710,20876,20662,21150,21469,21864,21542,21806,22115,74,0.373,49,63.4,37.1,55.7,60.6,45.1,79.9
Mexico,Women,41.7,42.6,42.9,42.1,42.6,43.2,10,13.6,15.4,18.3,16.7,16.5,8293,9066,9934,10173,10451,10342,10560,10710,20876,20662,21150,21469,21864,21542,21806,22115,74,0.373,49,63.4,37.1,55.7,60.6,45.1,79.9
Netherlands,Men,71.3,70.5,68.5,68.7,68.8,69.8,14.08125,14.08125,14.08125,14.1,14.08125,14.08125,31542,34921,29892,30561,30208,29962,29693,30112,54378,53250,62866,64225,63422,62840,61963,62777,5,0.062,6,6.2,36.9,87.7,90.5,58.5,70.6
Netherlands,Women,42.8,43.1,42.6,42.4,42.5,43.5,14.08125,14.08125,14.08125,14.1,14.08125,14.08125,31542,34921,29892,30561,30208,29962,29693,30112,54378,53250,62866,64225,63422,62840,61963,62777,5,0.062,6,6.2,36.9,87.7,90.5,58.5,70.6
New Zealand,Men,82.1,80.9,81.8,82.9,83,84.5,4.5,5.9,6.6,6.1,7.9,7.8,19744,21606,22362,22879,23458,23606,23950,24414,33122,37995,38101,39021,40084,40429,41223,41717,9,0.157,8,25.3,31.4,95,95.3,62,73.8
New Zealand,Women,54.1,53.7,55.3,56.6,56.7,58.4,4.5,5.9,6.6,6.1,7.9,7.8,19744,21606,22362,22879,23458,23606,23950,24414,33122,37995,38101,39021,40084,40429,41223,41717,9,0.157,8,25.3,31.4,95,95.3,62,73.8
Norway,Men,71.1,71.5,71.1,71.3,70,69.3,7.8,6.4,7,6.3,7.1,14.08125,45185,55246,55313,55305,56520,56464,59150,59813,70983,73366,71889,71327,71722,71731,74628,75301,1,0.067,4,7.8,39.6,97.4,96.7,61.2,68.7
Norway,Women,57.1,58,57.7,58,57.7,57.8,7.8,6.4,7,6.3,7.1,14.08125,45185,55246,55313,55305,56520,56464,59150,59813,70983,73366,71889,71327,71722,71731,74628,75301,1,0.067,4,7.8,39.6,97.4,96.7,61.2,68.7
Poland,Men,70,70.5,70.9,72.5,73.4,75.1,8.9,10.6,14.08125,11.1,14.08125,14.08125,10897,12418,16537,17358,17653,17900,18186,18921,18228,21254,25248,26512,26970,27356,28504,29665,36,0.138,3,12.2,22.1,79.4,85.5,48.9,64.9
Poland,Women,50.3,51,51.3,53.2,54.7,56.2,8.9,10.6,14.08125,11.1,14.08125,14.08125,10897,12418,16537,17358,17653,17900,18186,18921,18228,21254,25248,26512,26970,27356,28504,29665,36,0.138,3,12.2,22.1,79.4,85.5,48.9,64.9
Portugal,Men,69,65.6,64.9,67.5,68.3,70.1,15.2,16.3,16.7,18.9,18.9,14.3,19040,21528,22102,21535,20771,20631,20829,21097,32753,31459,31225,31755,30329,30769,31178,31671,43,0.111,8,12.6,31.3,47.7,48.2,54.9,66.2
Portugal,Women,56,54.7,54.6,57.1,58.1,59.5,15.2,16.3,16.7,18.9,18.9,14.3,19040,21528,22102,21535,20771,20631,20829,21097,32753,31459,31225,31755,30329,30769,31178,31671,43,0.111,8,12.6,31.3,47.7,48.2,54.9,66.2
Slovenia,Men,68.5,68.8,68.1,68.1,69.7,69.8,14.08125,14.08125,14.08125,5,14.08125,14.08125,17294,23505,25343,25397,24608,24373,25141,25651,28041,29801,30896,31245,30382,30111,31087,31730,25,0.016,7,0.6,27.7,95.8,98,52.3,63.2
Slovenia,Women,58.3,58.3,56.7,57.1,58,59.7,14.08125,14.08125,14.08125,5,14.08125,14.08125,17294,23505,25343,25397,24608,24373,25141,25651,28041,29801,30896,31245,30382,30111,31087,31730,25,0.016,7,0.6,27.7,95.8,98,52.3,63.2
Spain,Men,65.9,62.5,61.2,62.7,64.8,66.3,8.3,8.6,14.08125,11.5,14.08125,14.08125,19698,23000,24620,23991,23378,23052,23533,24377,41733,43048,40570,40137,39712,39369,39968,41505,26,0.095,4,10.6,38,66.8,73.1,52.5,65.8
Spain,Women,47,45.3,44.3,44.9,46.2,47.9,8.3,8.6,14.08125,11.5,14.08125,14.08125,19698,23000,24620,23991,23378,23052,23533,24377,41733,43048,40570,40137,39712,39369,39968,41505,26,0.095,4,10.6,38,66.8,73.1,52.5,65.8
Sweden,Men,72.6,72.4,72.8,72.9,73.3,74,15.9,15.1,13.4,14.08125,14.08125,14.08125,31958,36624,38798,39582,39398,39483,39041,40327,41805,46953,49568,50485,49970,50006,50576,52182,14,0.055,4,6.5,43.6,86.5,87.3,60.3,67.9
Sweden,Women,60.8,61.5,62.2,62.9,63.8,64.6,15.9,15.1,13.4,14.08125,14.08125,14.08125,31958,36624,38798,39582,39398,39483,39041,40327,41805,46953,49568,50485,49970,50006,50576,52182,14,0.055,4,6.5,43.6,86.5,87.3,60.3,67.9
Switzerland,Men,84.8,84.4,83.6,82.7,82.7,82.5,14.08125,19.3,14.08125,16.9,14.08125,14.08125,38229,42016,44549,42858,46077,46251,46254,46808,67095,69429,70781,67647,65747,65837,65438,66105,3,0.028,6,1.9,28.5,95,96.6,61.8,74.9
Switzerland,Women,52.9,53.1,53.2,53.7,54.5,55,14.08125,19.3,14.08125,16.9,14.08125,14.08125,38229,42016,44549,42858,46077,46251,46254,46808,67095,69429,70781,67647,65747,65837,65438,66105,3,0.028,6,1.9,28.5,95,96.6,61.8,74.9
Turkey,Men,89.8,88.7,88.3,87.5,87.1,86.1,14.08125,14.08125,14.08125,6.9,14.08125,14.08125,6869,5993,9312,9961,10004,9674,10425,10649,18953,24263,23907,25570,25671,26765,26469,27034,72,0.359,20,30.9,14.4,39,60,29.4,70.8
Turkey,Women,28.8,29.7,30.3,30.6,31.8,32.3,14.08125,14.08125,14.08125,6.9,14.08125,14.08125,6869,5993,9312,9961,10004,9674,10425,10649,18953,24263,23907,25570,25671,26765,26469,27034,72,0.359,20,30.9,14.4,39,60,29.4,70.8
United Kingdom,Men,77.3,77.5,77.6,79.6,79.9,80.9,18.2,17.8,17.5,17.4,17.1,16.8,24547,29321,25164,25456,25552,25598,25923,26311,42169,46567,48512,49045,48397,48650,49206,49885,14,0.177,8,25.8,23.5,99.8,99.9,55.7,68.7
United Kingdom,Women,50.8,51.2,52.2,53.7,54.5,55.4,18.2,17.8,17.5,17.4,17.1,16.8,24547,29321,25164,25456,25552,25598,25923,26311,42169,46567,48512,49045,48397,48650,49206,49885,14,0.177,8,25.8,23.5,99.8,99.9,55.7,68.7
United States,Men,72,73.2,73.4,74.6,75.3,75.8,17.8,19.1,17.9,17.5,18.9,18.1,35422,38850,39858,40284,40838,41175,41709,42275,57405,61894,60717,61324,62113,62567,63583,64406,8,0.28,28,31,19.4,95.1,94.8,56.3,68.9
United States,Women,56.1,56.3,56.7,57.4,57.9,58.4,17.8,19.1,17.9,17.5,18.9,18.1,35422,38850,39858,40284,40838,41175,41709,42275,57405,61894,60717,61324,62113,62567,63583,64406,8,0.28,28,31,19.4,95.1,94.8,56.3,68.9
